{
    "screen_color": [0, 0, 0],
    "ITI": 0,
    "start_block": 0,
    "blocks": ["treinoAB","treinoAC", "testeEq"],
    "instructions": ["n","n","inst2.jpg"],
    "protocol": ["SMTS", "SMTS", "SMTS"],
    "repetitions": [3, 3, 1],
    "criteria": [3, 3, 12],
    "pos_sample": [0, 200],
    "pos_comps": [[-350, -250],[350, -250]],
    "stimulus_size": [250, 250],
    "consequence_size": [1800,900],
    "instructions_size": [1200, 900],
    "end_text":"end_text.png",
    
    "points": 20,
    "pos_conseq": [-550, 400],
    "pos_points": [550, 400],
    "text_size": 50

}

