{
    "screen_color": [0, 0, 0],
    "ITI": 0,
    "start_block": 0,
    "blocks": ["treinoAB"],
    "instructions": ["n"],
    "protocol": ["SMTS"],
    "repetitions": [3],
    "criteria": [12],
    "pos_stim_cont": [-400, 200],
    "pos_sample": [0, 200],
    "pos_comps": [[-350, -200],[350, -200]],
    "stimulus_size": [250, 250],
    "consequence_size": [1800,900],
    "instructions_size": [1200, 900],
    "end_text":"end_text.png",

    "points_name": "Points",
    "points": 0,
    "pos_points": [400, 200],
    "text_size": 30
}

